{
  "source": "pmkvq_official_allocation_redpajama_8_4_mem132",
  "pmkvq_repo": "/root/atc_vllm_sched/references/kv_methods/PM-KVQ",
  "sensitivity_path": "/root/atc_vllm_sched/artifacts/pmkvq/redpajama_arxiv_stream_n512_l2048_eff8192/sensitivity.pt",
  "memory_budget_mb": 132.0,
  "fbit_choices": [
    8,
    4
  ],
  "hidden_size": 512,
  "elements_per_token": 1024,
  "max_len": 8192,
  "sink_tokens": 1,
  "window_tokens": 128,
  "protected_bits": 16,
  "official_layer_budgets_mb_without_protected_overhead": [
    8.0,
    4.0,
    4.0,
    4.0,
    4.0,
    4.0,
    4.0,
    4.0,
    4.0,
    4.0,
    4.0,
    4.0,
    4.0,
    4.0,
    4.0,
    4.0,
    4.0,
    4.0,
    4.0,
    4.0,
    4.0,
    4.0,
    4.0,
    4.0,
    8.0,
    8.0,
    8.0,
    8.0
  ],
  "layer_bits": [
    8,
    4,
    4,
    4,
    4,
    4,
    4,
    4,
    4,
    4,
    4,
    4,
    4,
    4,
    4,
    4,
    4,
    4,
    4,
    4,
    4,
    4,
    4,
    4,
    8,
    8,
    8,
    8
  ],
  "avg_layer_bulk_bits": 4.714285714285714,
  "runtime_budgets_mb_with_protected_overhead": [
    8.1259765625,
    4.18896484375,
    4.18896484375,
    4.18896484375,
    4.18896484375,
    4.18896484375,
    4.18896484375,
    4.18896484375,
    4.18896484375,
    4.18896484375,
    4.18896484375,
    4.18896484375,
    4.18896484375,
    4.18896484375,
    4.18896484375,
    4.18896484375,
    4.18896484375,
    4.18896484375,
    4.18896484375,
    4.18896484375,
    4.18896484375,
    4.18896484375,
    4.18896484375,
    4.18896484375,
    8.1259765625,
    8.1259765625,
    8.1259765625,
    8.1259765625
  ]
}
